Filename,Prediction,AminoAcidNum,AminoAcidSeqNum,AminoAcidName
6k4n_0.npy,1,0,1046,LYS
6k4n_1.npy,1,1,1047,LYS
6k4n_2.npy,1,2,1048,ILE
6k4n_3.npy,1,3,1049,PHE
6k4n_4.npy,1,4,1050,LYS
6k4n_5.npy,1,5,1051,PRO
6k4n_6.npy,1,6,1052,GLU
6k4n_7.npy,1,7,1053,GLU
6k4n_8.npy,1,8,1054,LEU
6k4n_9.npy,1,9,1055,ARG
6k4n_10.npy,1,10,1056,GLN
6k4n_11.npy,1,11,1057,ALA
6k4n_12.npy,1,12,1058,LEU
6k4n_13.npy,1,13,1059,MET
6k4n_14.npy,1,14,1060,PRO
6k4n_15.npy,1,15,1061,THR
6k4n_16.npy,1,16,1062,LEU
6k4n_17.npy,1,17,1063,GLU
6k4n_18.npy,1,18,1064,ALA
6k4n_19.npy,1,19,1065,LEU
6k4n_20.npy,1,20,1066,TYR
6k4n_21.npy,1,21,1067,ARG
6k4n_22.npy,1,22,1068,GLN
6k4n_23.npy,1,23,1069,ASP
6k4n_24.npy,1,24,1070,PRO
6k4n_25.npy,1,25,1071,GLU
6k4n_26.npy,1,26,1072,SER
6k4n_27.npy,1,27,1073,LEU
6k4n_28.npy,1,28,1074,PRO
6k4n_29.npy,1,29,1075,PHE
6k4n_30.npy,1,30,1076,ARG
6k4n_31.npy,1,31,1077,GLN
6k4n_32.npy,1,32,1078,PRO
6k4n_33.npy,1,33,1079,VAL
6k4n_34.npy,1,34,1080,ASP
6k4n_35.npy,1,35,1081,PRO
6k4n_36.npy,1,36,1082,GLN
6k4n_37.npy,1,37,1083,LEU
6k4n_38.npy,1,38,1084,LEU
6k4n_39.npy,1,39,1085,GLY
6k4n_40.npy,1,40,1086,ILE
6k4n_41.npy,1,41,1087,PRO
6k4n_42.npy,1,42,1088,ASP
6k4n_43.npy,1,43,1089,TYR
6k4n_44.npy,1,44,1090,PHE
6k4n_45.npy,1,45,1091,ASP
6k4n_46.npy,1,46,1092,ILE
6k4n_47.npy,1,47,1093,VAL
6k4n_48.npy,1,48,1094,LYS
6k4n_49.npy,1,49,1095,SER
6k4n_50.npy,1,50,1096,PRO
6k4n_51.npy,1,51,1097,MET
6k4n_52.npy,1,52,1098,ASP
6k4n_53.npy,1,53,1099,LEU
6k4n_54.npy,1,54,1100,SER
6k4n_55.npy,1,55,1101,THR
6k4n_56.npy,1,56,1102,ILE
6k4n_57.npy,1,57,1103,LYS
6k4n_58.npy,1,58,1104,ARG
6k4n_59.npy,1,59,1105,LYS
6k4n_60.npy,1,60,1106,LEU
6k4n_61.npy,1,61,1107,ASP
6k4n_62.npy,1,62,1108,THR
6k4n_63.npy,1,63,1109,GLY
6k4n_64.npy,1,64,1110,GLN
6k4n_65.npy,1,65,1111,TYR
6k4n_66.npy,1,66,1112,GLN
6k4n_67.npy,1,67,1113,GLU
6k4n_68.npy,1,68,1114,PRO
6k4n_69.npy,1,69,1115,TRP
6k4n_70.npy,1,70,1116,GLN
6k4n_71.npy,1,71,1117,TYR
6k4n_72.npy,1,72,1118,VAL
6k4n_73.npy,1,73,1119,ASP
6k4n_74.npy,1,74,1120,ASP
6k4n_75.npy,1,75,1121,ILE
6k4n_76.npy,1,76,1122,TRP
6k4n_77.npy,1,77,1123,LEU
6k4n_78.npy,1,78,1124,MET
6k4n_79.npy,1,79,1125,PHE
6k4n_80.npy,1,80,1126,ASN
6k4n_81.npy,1,81,1127,ASN
6k4n_82.npy,1,82,1128,ALA
6k4n_83.npy,1,83,1129,TRP
6k4n_84.npy,1,84,1130,LEU
6k4n_85.npy,1,85,1131,TYR
6k4n_86.npy,1,86,1132,ASN
6k4n_87.npy,1,87,1133,ARG
6k4n_88.npy,1,88,1134,LYS
6k4n_89.npy,1,89,1135,THR
6k4n_90.npy,1,90,1136,SER
6k4n_91.npy,1,91,1137,ARG
6k4n_92.npy,1,92,1138,VAL
6k4n_93.npy,1,93,1139,TYR
6k4n_94.npy,1,94,1140,LYS
6k4n_95.npy,1,95,1141,TYR
6k4n_96.npy,1,96,1142,CYS
6k4n_97.npy,1,97,1143,SER
6k4n_98.npy,1,98,1144,LYS
6k4n_99.npy,1,99,1145,LEU
6k4n_100.npy,1,100,1146,SER
6k4n_101.npy,1,101,1147,GLU
6k4n_102.npy,1,102,1148,VAL
6k4n_103.npy,1,103,1149,PHE
6k4n_104.npy,1,104,1150,GLU
6k4n_105.npy,1,105,1151,GLN
6k4n_106.npy,1,106,1152,GLU
6k4n_107.npy,1,107,1153,ILE
6k4n_108.npy,1,108,1154,ASP
6k4n_109.npy,1,109,1155,PRO
6k4n_110.npy,1,110,1156,VAL
6k4n_111.npy,1,111,1157,MET
6k4n_112.npy,1,112,1158,GLN
6k4n_113.npy,1,113,1159,SER
6k4n_114.npy,1,114,1160,LEU
6k4n_115.npy,1,115,1161,GLY
6k4n_116.npy,1,116,1162,TYR
6k4n_117.npy,1,117,1163,CYS
6k4n_118.npy,1,118,1164,CYS
6k4n_119.npy,1,119,1165,GLY
6k4n_120.npy,1,120,1166,ARG
6k4n_121.npy,1,121,1167,LYS
6k4n_122.npy,1,122,1168,LEU
6k4n_123.npy,1,123,1169,GLU
6k4n_124.npy,1,124,1170,PHE
6k4n_125.npy,1,125,1171,SER
6k4n_126.npy,1,126,1172,PRO
6k4n_127.npy,1,127,1173,GLN
6k4n_128.npy,1,128,1174,THR
6k4n_129.npy,1,129,1175,LEU
6k4n_130.npy,1,130,1176,CYS
6k4n_131.npy,1,131,1177,CYS
6k4n_132.npy,1,132,1178,TYR
6k4n_133.npy,1,133,1179,GLY
6k4n_134.npy,1,134,1180,LYS
6k4n_135.npy,1,135,1181,GLN
6k4n_136.npy,1,136,1182,LEU
6k4n_137.npy,1,137,1183,CYS
6k4n_138.npy,1,138,1184,THR
6k4n_139.npy,1,139,1185,ILE
6k4n_140.npy,1,140,1186,PRO
6k4n_141.npy,1,141,1187,ARG
6k4n_142.npy,1,142,1188,ASP
6k4n_143.npy,1,143,1189,ALA
6k4n_144.npy,1,144,1190,THR
6k4n_145.npy,1,145,1191,TYR
6k4n_146.npy,1,146,1192,TYR
6k4n_147.npy,1,147,1193,SER
6k4n_148.npy,1,148,1194,TYR
6k4n_149.npy,1,149,1195,GLN
6k4n_150.npy,1,150,1196,ASN
6k4n_151.npy,1,151,1197,ARG
6k4n_152.npy,1,152,1198,TYR
6k4n_153.npy,1,153,1199,HIS
6k4n_154.npy,1,154,1200,PHE
6k4n_155.npy,1,155,1201,CYS
6k4n_156.npy,1,156,1202,GLU
6k4n_157.npy,1,157,1203,LYS
6k4n_158.npy,1,158,1204,CYS
6k4n_159.npy,1,159,1205,PHE
6k4n_160.npy,1,160,1206,ASN
6k4n_161.npy,1,161,1207,GLU
6k4n_162.npy,1,162,1208,ILE
6k4n_163.npy,1,163,1209,GLN
6k4n_164.npy,1,164,1210,GLY
6k4n_165.npy,1,165,1211,GLU
6k4n_166.npy,1,166,1212,SER
6k4n_167.npy,1,167,1213,VAL
6k4n_168.npy,1,168,1214,SER
6k4n_169.npy,1,169,1215,LEU
6k4n_170.npy,1,170,1216,GLY
6k4n_171.npy,1,171,1217,ASP
6k4n_172.npy,1,172,1218,ASP
6k4n_173.npy,1,173,1219,PRO
6k4n_174.npy,1,174,1220,SER
6k4n_175.npy,1,175,1221,GLN
6k4n_176.npy,1,176,1222,PRO
6k4n_177.npy,1,177,1223,GLN
6k4n_178.npy,1,178,1224,THR
6k4n_179.npy,1,179,1225,THR
6k4n_180.npy,1,180,1226,ILE
6k4n_181.npy,1,181,1227,ASN
6k4n_182.npy,1,182,1228,LYS
6k4n_183.npy,1,183,1229,GLU
6k4n_184.npy,1,184,1230,GLN
6k4n_185.npy,1,185,1231,PHE
6k4n_186.npy,1,186,1232,SER
6k4n_187.npy,1,187,1233,LYS
6k4n_188.npy,1,188,1234,ARG
6k4n_189.npy,1,189,1235,LYS
6k4n_190.npy,1,190,1236,ASN
6k4n_191.npy,1,191,1237,ASP
6k4n_192.npy,1,192,1238,THR
6k4n_193.npy,1,193,1239,LEU
6k4n_194.npy,1,194,1240,ASP
6k4n_195.npy,1,195,1241,PRO
6k4n_196.npy,1,196,1242,GLU
6k4n_197.npy,1,197,1243,LEU
6k4n_198.npy,1,198,1244,PHE
6k4n_199.npy,1,199,1245,VAL
6k4n_200.npy,1,200,1246,GLU
6k4n_201.npy,1,201,1247,CYS
6k4n_202.npy,1,202,1248,THR
6k4n_203.npy,1,203,1249,GLU
6k4n_204.npy,1,204,1250,CYS
6k4n_205.npy,1,205,1251,GLY
6k4n_206.npy,1,206,1252,ARG
6k4n_207.npy,1,207,1253,LYS
6k4n_208.npy,1,208,1254,MET
6k4n_209.npy,1,209,1255,HIS
6k4n_210.npy,1,210,1256,GLN
6k4n_211.npy,1,211,1257,ILE
6k4n_212.npy,1,212,1258,CYS
6k4n_213.npy,1,213,1259,VAL
6k4n_214.npy,1,214,1260,LEU
6k4n_215.npy,1,215,1261,HIS
6k4n_216.npy,1,216,1262,HIS
6k4n_217.npy,1,217,1263,GLU
6k4n_218.npy,1,218,1264,ILE
6k4n_219.npy,1,219,1265,ILE
6k4n_220.npy,1,220,1266,TRP
6k4n_221.npy,1,221,1267,PRO
6k4n_222.npy,1,222,1268,ALA
6k4n_223.npy,1,223,1269,GLY
6k4n_224.npy,1,224,1270,PHE
6k4n_225.npy,1,225,1271,VAL
6k4n_226.npy,1,226,1272,CYS
6k4n_227.npy,1,227,1273,ASP
6k4n_228.npy,1,228,1274,GLY
6k4n_229.npy,1,229,1275,CYS
6k4n_230.npy,1,230,1276,LEU
6k4n_231.npy,1,231,1277,LYS
6k4n_232.npy,1,232,1278,LYS
6k4n_233.npy,1,233,1279,SER
6k4n_234.npy,1,234,1280,ALA
6k4n_235.npy,1,235,1281,ARG
6k4n_236.npy,1,236,1282,THR
6k4n_237.npy,1,237,1283,ARG
6k4n_238.npy,1,238,1284,LYS
6k4n_239.npy,1,239,1285,GLU
6k4n_240.npy,1,240,1286,ASN
6k4n_241.npy,1,241,1287,LYS
6k4n_242.npy,1,242,1288,PHE
6k4n_243.npy,1,243,1289,SER
6k4n_244.npy,1,244,1290,ALA
6k4n_245.npy,1,245,1291,LYS
6k4n_246.npy,1,246,1292,ARG
6k4n_247.npy,1,247,1293,LEU
6k4n_248.npy,1,248,1294,PRO
6k4n_249.npy,1,249,1295,SER
6k4n_250.npy,1,250,1296,THR
6k4n_251.npy,1,251,1297,ARG
6k4n_252.npy,1,252,1298,LEU
6k4n_253.npy,1,253,1299,GLY
6k4n_254.npy,1,254,1300,THR
6k4n_255.npy,1,255,1301,PHE
6k4n_256.npy,1,256,1302,LEU
6k4n_257.npy,1,257,1303,GLU
6k4n_258.npy,1,258,1304,ASN
6k4n_259.npy,1,259,1305,ARG
6k4n_260.npy,1,260,1306,VAL
6k4n_261.npy,1,261,1307,ASN
6k4n_262.npy,1,262,1308,ASP
6k4n_263.npy,1,263,1309,PHE
6k4n_264.npy,1,264,1310,LEU
6k4n_265.npy,1,265,1311,ARG
6k4n_266.npy,1,266,1312,ARG
6k4n_267.npy,1,267,1313,GLN
6k4n_268.npy,1,268,1314,ASN
6k4n_269.npy,1,269,1315,HIS
6k4n_270.npy,1,270,1316,PRO
6k4n_271.npy,1,271,1317,GLU
6k4n_272.npy,1,272,1318,SER
6k4n_273.npy,1,273,1319,GLY
6k4n_274.npy,1,274,1320,GLU
6k4n_275.npy,1,275,1321,VAL
6k4n_276.npy,1,276,1322,THR
6k4n_277.npy,1,277,1323,VAL
6k4n_278.npy,1,278,1324,ARG
6k4n_279.npy,1,279,1325,VAL
6k4n_280.npy,1,280,1326,VAL
6k4n_281.npy,1,281,1327,HIS
6k4n_282.npy,1,282,1328,ALA
6k4n_283.npy,1,283,1329,SER
6k4n_284.npy,1,284,1330,ASP
6k4n_285.npy,1,285,1331,LYS
6k4n_286.npy,1,286,1332,THR
6k4n_287.npy,1,287,1333,VAL
6k4n_288.npy,1,288,1334,GLU
6k4n_289.npy,1,289,1335,VAL
6k4n_290.npy,1,290,1336,LYS
6k4n_291.npy,1,291,1337,PRO
6k4n_292.npy,1,292,1338,GLY
6k4n_293.npy,1,293,1339,MET
6k4n_294.npy,1,294,1340,LYS
6k4n_295.npy,1,295,1341,ALA
6k4n_296.npy,1,296,1342,ARG
6k4n_297.npy,1,297,1343,PHE
6k4n_298.npy,1,298,1344,VAL
6k4n_299.npy,1,299,1345,ASP
6k4n_300.npy,1,300,1346,SER
6k4n_301.npy,1,301,1347,GLY
6k4n_302.npy,1,302,1348,GLU
6k4n_303.npy,1,303,1349,MET
6k4n_304.npy,1,304,1350,ALA
6k4n_305.npy,1,305,1351,GLU
6k4n_306.npy,1,306,1352,SER
6k4n_307.npy,1,307,1353,PHE
6k4n_308.npy,1,308,1354,PRO
6k4n_309.npy,1,309,1355,TYR
6k4n_310.npy,1,310,1356,ARG
6k4n_311.npy,1,311,1357,THR
6k4n_312.npy,1,312,1358,LYS
6k4n_313.npy,1,313,1359,ALA
6k4n_314.npy,1,314,1360,LEU
6k4n_315.npy,1,315,1361,PHE
6k4n_316.npy,1,316,1362,ALA
6k4n_317.npy,1,317,1363,PHE
6k4n_318.npy,1,318,1364,GLU
6k4n_319.npy,1,319,1365,GLU
6k4n_320.npy,1,320,1366,ILE
6k4n_321.npy,1,321,1367,ASP
6k4n_322.npy,1,322,1368,GLY
6k4n_323.npy,1,323,1369,VAL
6k4n_324.npy,1,324,1370,ASP
6k4n_325.npy,1,325,1371,LEU
6k4n_326.npy,1,326,1372,CYS
6k4n_327.npy,1,327,1373,PHE
6k4n_328.npy,1,328,1374,PHE
6k4n_329.npy,1,329,1375,GLY
6k4n_330.npy,1,330,1376,MET
6k4n_331.npy,1,331,1377,HIS
6k4n_332.npy,1,332,1378,VAL
6k4n_333.npy,1,333,1379,GLN
6k4n_334.npy,1,334,1380,GLU
6k4n_335.npy,1,335,1381,TYR
6k4n_336.npy,1,336,1382,GLY
6k4n_337.npy,1,337,1383,SER
6k4n_338.npy,1,338,1384,ASP
6k4n_339.npy,1,339,1385,CYS
6k4n_340.npy,1,340,1386,PRO
6k4n_341.npy,1,341,1387,PRO
6k4n_342.npy,1,342,1388,PRO
6k4n_343.npy,1,343,1389,ASN
6k4n_344.npy,1,344,1390,GLN
6k4n_345.npy,1,345,1391,ARG
6k4n_346.npy,1,346,1392,ARG
6k4n_347.npy,1,347,1393,VAL
6k4n_348.npy,1,348,1394,TYR
6k4n_349.npy,1,349,1395,ILE
6k4n_350.npy,1,350,1396,SER
6k4n_351.npy,1,351,1397,TYR
6k4n_352.npy,1,352,1398,LEU
6k4n_353.npy,1,353,1399,ASP
6k4n_354.npy,1,354,1400,SER
6k4n_355.npy,1,355,1401,VAL
6k4n_356.npy,1,356,1402,HIS
6k4n_357.npy,1,357,1403,PHE
6k4n_358.npy,1,358,1404,PHE
6k4n_359.npy,1,359,1405,ARG
6k4n_360.npy,1,360,1406,PRO
6k4n_361.npy,1,361,1407,LYS
6k4n_362.npy,1,362,1408,CYS
6k4n_363.npy,1,363,1409,LEU
6k4n_364.npy,1,364,1410,ARG
6k4n_365.npy,1,365,1411,THR
6k4n_366.npy,1,366,1412,ALA
6k4n_367.npy,1,367,1413,VAL
6k4n_368.npy,1,368,1414,TYR
6k4n_369.npy,1,369,1415,HIS
6k4n_370.npy,1,370,1416,GLU
6k4n_371.npy,1,371,1417,ILE
6k4n_372.npy,1,372,1418,LEU
6k4n_373.npy,1,373,1419,ILE
6k4n_374.npy,1,374,1420,GLY
6k4n_375.npy,1,375,1421,TYR
6k4n_376.npy,1,376,1422,LEU
6k4n_377.npy,1,377,1423,GLU
6k4n_378.npy,1,378,1424,TYR
6k4n_379.npy,1,379,1425,VAL
6k4n_380.npy,1,380,1426,LYS
6k4n_381.npy,1,381,1427,LYS
6k4n_382.npy,1,382,1428,LEU
6k4n_383.npy,1,383,1429,GLY
6k4n_384.npy,1,384,1430,TYR
6k4n_385.npy,1,385,1431,THR
6k4n_386.npy,1,386,1432,THR
6k4n_387.npy,1,387,1433,GLY
6k4n_388.npy,1,388,1434,HIS
6k4n_389.npy,1,389,1435,ILE
6k4n_390.npy,1,390,1436,TRP
6k4n_391.npy,1,391,1437,ALA
6k4n_392.npy,1,392,1438,CYS
6k4n_393.npy,0,393,1439,PRO
6k4n_394.npy,0,394,1440,PRO
6k4n_395.npy,1,395,1441,SER
6k4n_396.npy,1,396,1442,GLU
6k4n_397.npy,1,397,1443,GLY
6k4n_398.npy,1,398,1444,ASP
6k4n_399.npy,1,399,1445,ASP
6k4n_400.npy,0,400,1446,TYR
6k4n_401.npy,1,401,1447,ILE
6k4n_402.npy,1,402,1448,PHE
6k4n_403.npy,1,403,1449,HIS
6k4n_404.npy,1,404,1450,CYS
6k4n_405.npy,1,405,1451,HIS
6k4n_406.npy,1,406,1452,PRO
6k4n_407.npy,1,407,1453,PRO
6k4n_408.npy,1,408,1454,ASP
6k4n_409.npy,1,409,1455,GLN
6k4n_410.npy,1,410,1456,LYS
6k4n_411.npy,1,411,1457,ILE
6k4n_412.npy,1,412,1458,PRO
6k4n_413.npy,1,413,1459,LYS
6k4n_414.npy,1,414,1460,PRO
6k4n_415.npy,1,415,1461,LYS
6k4n_416.npy,1,416,1462,ARG
6k4n_417.npy,1,417,1463,LEU
6k4n_418.npy,1,418,1464,GLN
6k4n_419.npy,1,419,1465,GLU
6k4n_420.npy,1,420,1466,TRP
6k4n_421.npy,1,421,1467,TYR
6k4n_422.npy,1,422,1468,LYS
6k4n_423.npy,1,423,1469,LYS
6k4n_424.npy,1,424,1470,MET
6k4n_425.npy,1,425,1471,LEU
6k4n_426.npy,1,426,1472,ASP
6k4n_427.npy,1,427,1473,LYS
6k4n_428.npy,1,428,1474,ALA
6k4n_429.npy,1,429,1475,VAL
6k4n_430.npy,1,430,1476,SER
6k4n_431.npy,1,431,1477,GLU
6k4n_432.npy,1,432,1478,ARG
6k4n_433.npy,1,433,1479,ILE
6k4n_434.npy,1,434,1480,VAL
6k4n_435.npy,1,435,1481,HIS
6k4n_436.npy,1,436,1482,ASP
6k4n_437.npy,1,437,1483,TYR
6k4n_438.npy,1,438,1484,LYS
6k4n_439.npy,1,439,1485,ASP
6k4n_440.npy,1,440,1486,ILE
6k4n_441.npy,1,441,1487,PHE
6k4n_442.npy,1,442,1488,LYS
6k4n_443.npy,1,443,1489,GLN
6k4n_444.npy,1,444,1490,ALA
6k4n_445.npy,1,445,1491,THR
6k4n_446.npy,1,446,1492,GLU
6k4n_447.npy,1,447,1493,ASP
6k4n_448.npy,1,448,1494,ARG
6k4n_449.npy,1,449,1495,LEU
6k4n_450.npy,1,450,1496,THR
6k4n_451.npy,1,451,1497,SER
6k4n_452.npy,1,452,1498,ALA
6k4n_453.npy,1,453,1499,LYS
6k4n_454.npy,1,454,1500,GLU
6k4n_455.npy,1,455,1501,LEU
6k4n_456.npy,1,456,1502,PRO
6k4n_457.npy,1,457,1503,TYR
6k4n_458.npy,1,458,1504,PHE
6k4n_459.npy,1,459,1505,GLU
6k4n_460.npy,1,460,1506,GLY
6k4n_461.npy,1,461,1507,ASP
6k4n_462.npy,1,462,1508,PHE
6k4n_463.npy,1,463,1509,TRP
6k4n_464.npy,1,464,1510,PRO
6k4n_465.npy,1,465,1511,ASN
6k4n_466.npy,1,466,1512,VAL
6k4n_467.npy,1,467,1513,LEU
6k4n_468.npy,1,468,1514,GLU
6k4n_469.npy,1,469,1515,GLU
6k4n_470.npy,1,470,1516,SER
6k4n_471.npy,1,471,1517,ILE
6k4n_472.npy,1,472,1518,LYS
6k4n_473.npy,1,473,1519,GLU
6k4n_474.npy,1,474,1582,GLN
6k4n_475.npy,1,475,1583,LYS
6k4n_476.npy,1,476,1584,LEU
6k4n_477.npy,1,477,1585,TYR
6k4n_478.npy,1,478,1586,ALA
6k4n_479.npy,1,479,1587,THR
6k4n_480.npy,1,480,1588,MET
6k4n_481.npy,1,481,1589,GLU
6k4n_482.npy,1,482,1590,LYS
6k4n_483.npy,1,483,1591,HIS
6k4n_484.npy,1,484,1592,LYS
6k4n_485.npy,1,485,1593,GLU
6k4n_486.npy,1,486,1594,VAL
6k4n_487.npy,1,487,1595,PHE
6k4n_488.npy,1,488,1596,PHE
6k4n_489.npy,1,489,1597,VAL
6k4n_490.npy,1,490,1598,ILE
6k4n_491.npy,1,491,1599,ARG
6k4n_492.npy,1,492,1600,LEU
6k4n_493.npy,1,493,1601,ILE
6k4n_494.npy,1,494,1602,ALA
6k4n_495.npy,1,495,1603,GLY
6k4n_496.npy,1,496,1604,PRO
6k4n_497.npy,1,497,1605,ALA
6k4n_498.npy,1,498,1606,ALA
6k4n_499.npy,1,499,1607,ASN
6k4n_500.npy,1,500,1608,SER
6k4n_501.npy,1,501,1609,LEU
6k4n_502.npy,1,502,1610,PRO
6k4n_503.npy,1,503,1611,PRO
6k4n_504.npy,1,504,1612,ILE
6k4n_505.npy,1,505,1613,VAL
6k4n_506.npy,1,506,1614,ASP
6k4n_507.npy,1,507,1615,PRO
6k4n_508.npy,1,508,1616,ASP
6k4n_509.npy,1,509,1617,PRO
6k4n_510.npy,1,510,1618,LEU
6k4n_511.npy,1,511,1619,ILE
6k4n_512.npy,1,512,1620,PRO
6k4n_513.npy,1,513,1621,CYS
6k4n_514.npy,1,514,1622,ASP
6k4n_515.npy,1,515,1623,LEU
6k4n_516.npy,1,516,1624,MET
6k4n_517.npy,1,517,1625,ASP
6k4n_518.npy,1,518,1626,GLY
6k4n_519.npy,1,519,1627,ARG
6k4n_520.npy,1,520,1628,ASP
6k4n_521.npy,1,521,1629,ALA
6k4n_522.npy,1,522,1630,PHE
6k4n_523.npy,1,523,1631,LEU
6k4n_524.npy,1,524,1632,THR
6k4n_525.npy,1,525,1633,LEU
6k4n_526.npy,1,526,1634,ALA
6k4n_527.npy,1,527,1635,ARG
6k4n_528.npy,1,528,1636,ASP
6k4n_529.npy,1,529,1637,LYS
6k4n_530.npy,1,530,1638,HIS
6k4n_531.npy,1,531,1639,LEU
6k4n_532.npy,1,532,1640,GLU
6k4n_533.npy,1,533,1641,PHE
6k4n_534.npy,1,534,1642,SER
6k4n_535.npy,1,535,1643,SER
6k4n_536.npy,1,536,1644,LEU
6k4n_537.npy,1,537,1645,ARG
6k4n_538.npy,1,538,1646,ARG
6k4n_539.npy,1,539,1647,ALA
6k4n_540.npy,1,540,1648,GLN
6k4n_541.npy,1,541,1649,TRP
6k4n_542.npy,1,542,1650,SER
6k4n_543.npy,1,543,1651,THR
6k4n_544.npy,1,544,1652,MET
6k4n_545.npy,1,545,1653,CYS
6k4n_546.npy,1,546,1654,MET
6k4n_547.npy,1,547,1655,LEU
6k4n_548.npy,1,548,1656,VAL
6k4n_549.npy,1,549,1657,GLU
6k4n_550.npy,1,550,1658,LEU
6k4n_551.npy,1,551,1659,HIS
6k4n_552.npy,1,552,1660,THR
6k4n_553.npy,1,553,1661,GLN
6k4n_554.npy,1,554,1662,SER
6k4n_555.npy,1,555,1663,GLN
6k4n_556.npy,1,556,1664,ASP
